,N,M,L,U,Wt_PB,Wt_PCF,Wt_PE,Wt_PS,Wt_PM,Wt_PRev,Wt_Vol,PNL,avg_PNL,Avg_Return,Sharpe_ratio,Max_Drawdown,std_dev,pct_winning_trades,pct_losing_trades,Final_Port_val
0,2,10,15,20,-3.442954060070947e-06,4.732742551703074e-08,1.8513188821648165e-07,1.5173177076947119e-06,0.47235819867634965,-0.07524722689400491,0.6028907213946938,-3517308.105205063,-76463.21967837094,-91.0141015069524,-4.419771883870424,3781957.0101157073,20.592488458307205,45.65217391304348,54.347826086956516,7157237.946034461
0,2,10,15,15,-3.442954060070947e-06,4.732742551703074e-08,1.8513188821648165e-07,1.5173177076947119e-06,0.47235819867634965,-0.07524722689400491,0.6028907213946938,-5595407.072360128,-91727.984792789,-231.6725819048448,-10.70925088403261,6378023.5985429995,21.632940007994993,37.704918032786885,62.295081967213115,5205557.235476062
0,2,10,15,10,-3.442954060070947e-06,4.732742551703074e-08,1.8513188821648165e-07,1.5173177076947119e-06,0.47235819867634965,-0.07524722689400491,0.6028907213946938,-5970551.577580043,-64897.29975630482,-278.3154257008702,-13.783281045919315,5788912.335095514,20.192247751000362,40.21739130434783,59.78260869565217,5322688.86301066
0,2,10,20,20,-5.706656092194313e-06,5.2420347775270903e-08,2.258076242097474e-07,1.9184231526231594e-06,0.5913875295545153,-0.10598884858306713,0.5146048290335192,-3848901.3545100964,-83671.76857630644,-108.11120244950443,-5.2205788501600905,4165018.239360396,20.70866192284198,41.30434782608695,58.69565217391305,6811959.468084471
0,2,10,20,15,-5.706656092194313e-06,5.2420347775270903e-08,2.258076242097474e-07,1.9184231526231594e-06,0.5913875295545153,-0.10598884858306713,0.5146048290335192,-5611706.28514409,-91995.18500236212,-236.64753946230474,-11.298747282962063,6167348.7381802155,20.94458204398971,34.42622950819672,65.57377049180327,5167527.82605485
0,2,10,20,10,-5.706656092194313e-06,5.2420347775270903e-08,2.258076242097474e-07,1.9184231526231594e-06,0.5913875295545153,-0.10598884858306713,0.5146048290335192,-6011197.534550088,-65339.103636414,-284.62723205825455,-14.208777305991298,5786401.11908624,20.031789219346702,41.30434782608695,58.69565217391305,5262063.270646195
0,2,10,30,20,-1.3519621196389926e-05,6.004259785664496e-08,2.9063008805844575e-07,1.310568986978522e-06,0.7854577691197033,-0.1375616838652238,0.3521157731250439,-3929322.7847190793,-85420.06053737129,-113.35879922341643,-5.540209295995789,4245152.268767062,20.46110411484761,47.82608695652174,52.17391304347826,6721315.100213516
0,2,10,30,15,-1.3519621196389926e-05,6.004259785664496e-08,2.9063008805844575e-07,1.310568986978522e-06,0.7854577691197033,-0.1375616838652238,0.3521157731250439,-5414821.931138837,-88767.57264162028,-220.15856856836393,-10.597468813833428,5924509.037688378,20.774637079467457,36.0655737704918,63.934426229508205,5390014.140524274
0,2,10,30,10,-1.3519621196389926e-05,6.004259785664496e-08,2.9063008805844575e-07,1.310568986978522e-06,0.7854577691197033,-0.1375616838652238,0.3521157731250439,-5624520.379396729,-61136.09108039923,-248.01307799978457,-12.706756989900036,5371641.780455679,19.518204227633984,41.30434782608695,58.69565217391305,5684199.124064226
0,2,10,40,20,-4.839011061635114e-06,4.942760232774219e-08,3.014770511148598e-07,3.1062982580142353e-06,0.9569471925693962,-0.1716827916805004,0.21473698091925436,-3789426.262408581,-82378.8317914909,-105.95626621873298,-5.228878433307005,4091064.454631933,20.26366984242946,47.82608695652174,52.17391304347826,6875402.914348644
0,2,10,40,15,-4.839011061635114e-06,4.942760232774219e-08,3.014770511148598e-07,3.1062982580142353e-06,0.9569471925693962,-0.1716827916805004,0.21473698091925436,-5193203.846090921,-85134.48928017904,-204.47725964772522,-9.908175733429495,5673674.014783982,20.637225776873656,36.0655737704918,63.934426229508205,5608073.532665029
0,2,10,40,10,-4.839011061635114e-06,4.942760232774219e-08,3.014770511148598e-07,3.1062982580142353e-06,0.9569471925693962,-0.1716827916805004,0.21473698091925436,-5597655.384722996,-60844.08026872821,-246.03080644812835,-12.63984374471966,5408128.472187582,19.464703157498178,41.30434782608695,58.69565217391305,5708834.330556432
0,2,15,15,20,-3.0234710819753995e-06,4.463359954203656e-08,1.6631059804558052e-07,1.2607388989115287e-06,0.4676782806480192,-0.014145019023810643,0.546468290163777,-3973390.792365835,-86378.06070360511,-115.99110047204316,-5.667122778165816,4154038.9942681277,20.467370306309842,45.65217391304348,54.347826086956516,6669713.891405179
0,2,15,15,15,-3.0234710819753995e-06,4.463359954203656e-08,1.6631059804558052e-07,1.2607388989115287e-06,0.4676782806480192,-0.014145019023810643,0.546468290163777,-5520692.417473443,-90503.15438481054,-225.38753647198973,-10.430252902319639,6262574.427342381,21.609019319355586,36.0655737704918,63.934426229508205,5287417.870623512
0,2,15,15,10,-3.0234710819753995e-06,4.463359954203656e-08,1.6631059804558052e-07,1.2607388989115287e-06,0.4676782806480192,-0.014145019023810643,0.546468290163777,-5862223.160504883,-63719.8169620096,-274.2517284483054,-13.756132126012952,5694815.547473572,19.936689029737746,41.30434782608695,58.69565217391305,5376375.236181786
0,2,15,20,20,-4.8716486880090926e-06,4.816221900326727e-08,1.9646823497223785e-07,1.5360909392369747e-06,0.5686628328376486,-0.02528105315678648,0.4566213112464326,-3936413.7928779884,-85574.21288865192,-114.7499158966389,-5.6412057942928815,4114066.6672406783,20.341380917662953,50.0,50.0,6698409.941746674
0,2,15,20,15,-4.8716486880090926e-06,4.816221900326727e-08,1.9646823497223785e-07,1.5360909392369747e-06,0.5686628328376486,-0.02528105315678648,0.4566213112464326,-5766473.385552747,-94532.35058283192,-249.99544628950417,-11.994961588198263,6290279.250792163,20.841704615000392,34.42622950819672,65.57377049180327,5002916.233763848
0,2,15,20,10,-4.8716486880090926e-06,4.816221900326727e-08,1.9646823497223785e-07,1.5360909392369747e-06,0.5686628328376486,-0.02528105315678648,0.4566213112464326,-5878564.662229745,-63897.44198075809,-280.04294790771576,-14.238100047070427,5604629.527910493,19.668561604561575,41.30434782608695,58.69565217391305,5324009.484347498
0,2,15,30,20,-1.1118721397467193e-05,5.3486001337131954e-08,2.4386111648061643e-07,9.724774409820416e-07,0.7266549627364971,-0.0355717204153093,0.30892660657565096,-4185180.2880374026,-90982.18017472615,-126.90546017005137,-6.17915285073615,4503837.815568579,20.53767939320882,43.47826086956522,56.52173913043478,6462629.553411998
0,2,15,30,15,-1.1118721397467193e-05,5.3486001337131954e-08,2.4386111648061643e-07,9.724774409820416e-07,0.7266549627364971,-0.0355717204153093,0.30892660657565096,-5836027.858379534,-95672.58784228745,-254.15239289858832,-12.094814669457369,6306353.110531477,21.013335040212798,32.78688524590164,67.21311475409836,4945554.25243061
0,2,15,30,10,-1.1118721397467193e-05,5.3486001337131954e-08,2.4386111648061643e-07,9.724774409820416e-07,0.7266549627364971,-0.0355717204153093,0.30892660657565096,-5939107.390631583,-64555.51511556068,-281.27429236370136,-14.322291924240401,5685383.587280395,19.638916302749433,42.391304347826086,57.608695652173914,5312081.84447669
0,2,15,40,20,-3.9028040335077275e-06,4.387141659023967e-08,2.4446307665106e-07,2.3305609174799566e-06,0.8547122666949265,-0.044632546744954725,0.1899215639586511,-4357302.201826415,-94723.9609092699,-137.2120046245477,-6.7911540468156195,4674931.314167396,20.204519538013802,45.65217391304348,54.347826086956516,6291536.054813181
0,2,15,40,15,-3.9028040335077275e-06,4.387141659023967e-08,2.4446307665106e-07,2.3305609174799566e-06,0.8547122666949265,-0.044632546744954725,0.1899215639586511,-5529453.943842961,-90646.78596463871,-229.73564013371814,-11.151418885586544,6131694.400432171,20.601471659418742,34.42622950819672,65.57377049180327,5269400.721815892
0,2,15,40,10,-3.9028040335077275e-06,4.387141659023967e-08,2.4446307665106e-07,2.3305609174799566e-06,0.8547122666949265,-0.044632546744954725,0.1899215639586511,-6074664.286842128,-66028.95963958836,-294.48387881236806,-15.152311774168938,5935777.961425114,19.43491417028473,39.130434782608695,60.86956521739131,5181184.8413189
0,2,20,15,20,-4.074700706778431e-06,4.629449984319801e-08,1.478455627967984e-07,9.971012216410591e-07,0.4625110718651512,0.009180455097297757,0.5283113564969735,-3776960.37657768,-82107.83427342783,-105.66763669382684,-5.154805858740379,3984651.7194149233,20.49885865529912,50.0,50.0,6865614.164253388
0,2,20,15,15,-4.074700706778431e-06,4.629449984319801e-08,1.478455627967984e-07,9.971012216410591e-07,0.4625110718651512,0.009180455097297757,0.5283113564969735,-5587987.489088353,-91606.35228013693,-231.96753757793468,-10.752426872386167,6074276.637665061,21.57350524965316,40.98360655737705,59.01639344262295,5201458.676851336
0,2,20,15,10,-4.074700706778431e-06,4.629449984319801e-08,1.478455627967984e-07,9.971012216410591e-07,0.4625110718651512,0.009180455097297757,0.5283113564969735,-5928318.699911488,-64438.24673816835,-276.970021814805,-13.475947111212538,5711618.776228759,20.552916951147328,40.21739130434783,59.78260869565217,5322771.022650115
0,2,20,20,20,-4.431972224261623e-06,4.762272827419513e-08,1.85626821997123e-07,1.370961689911223e-06,0.5523584072644588,0.00927072792778814,0.43837369256873715,-3526084.8712630076,-76654.01894050017,-93.2360737975726,-4.615805140938091,3736837.904594996,20.199308885605124,52.17391304347826,47.82608695652174,7124813.805074778
0,2,20,20,15,-4.431972224261623e-06,4.762272827419513e-08,1.85626821997123e-07,1.370961689911223e-06,0.5523584072644588,0.00927072792778814,0.43837369256873715,-5517513.832750148,-90451.04643852702,-228.06296057969286,-10.727601669373882,6136096.487265909,21.25945459279938,40.98360655737705,59.01639344262295,5263922.234500278
0,2,20,20,10,-4.431972224261623e-06,4.762272827419513e-08,1.85626821997123e-07,1.370961689911223e-06,0.5523584072644588,0.00927072792778814,0.43837369256873715,-5734664.035083352,-62333.30472916686,-261.41309194456676,-13.265382633596037,5441612.605312263,19.706411730824065,40.21739130434783,59.78260869565217,5525451.129770494
0,2,20,30,20,-1.0055347206674662e-05,5.239218669750465e-08,2.274373321400288e-07,8.318434144644793e-07,0.6952392891253331,0.006670595111218545,0.2980990594377217,-3791670.466523383,-82427.61883746485,-104.52143488759059,-5.011140366169005,4100443.69075414,20.857814239894616,50.0,50.0,6866023.678226437
0,2,20,30,15,-1.0055347206674662e-05,5.239218669750465e-08,2.274373321400288e-07,8.318434144644793e-07,0.6952392891253331,0.006670595111218545,0.2980990594377217,-5594046.89814176,-91705.68685478295,-230.43357571770792,-10.673172410272123,6207904.29949806,21.58997970424735,37.704918032786885,62.295081967213115,5219907.881888354
0,2,20,30,10,-1.0055347206674662e-05,5.239218669750465e-08,2.274373321400288e-07,8.318434144644793e-07,0.6952392891253331,0.006670595111218545,0.2980990594377217,-5934305.037695689,-64503.315627127056,-279.5443923985226,-14.304158517748704,5672373.374901781,19.542875734469934,36.95652173913043,63.04347826086957,5334367.406453287
0,2,20,40,20,-3.5816486760709218e-06,4.3701808887796456e-08,2.2509254810277325e-07,2.0033933310223305e-06,0.8068433360072531,0.006652507011425332,0.18650546644230967,-4136676.6148545924,-89927.75249683896,-124.11990183915233,-6.0423580959317675,4455426.699864603,20.54163289705065,43.47826086956522,56.52173913043478,6511040.669115975
0,2,20,40,15,-3.5816486760709218e-06,4.3701808887796456e-08,2.2509254810277325e-07,2.0033933310223305e-06,0.8068433360072531,0.006652507011425332,0.18650546644230967,-5426713.79663365,-88962.52125628934,-219.39325336472066,-10.395326146564914,6052120.4926618505,21.104989903295927,37.704918032786885,62.295081967213115,5384871.820694698
0,2,20,40,10,-3.5816486760709218e-06,4.3701808887796456e-08,2.2509254810277325e-07,2.0033933310223305e-06,0.8068433360072531,0.006652507011425332,0.18650546644230967,-5962104.074963232,-64805.4790756873,-281.98727613178335,-14.45336437140639,5807348.711321658,19.51014787184421,39.130434782608695,60.86956521739131,5309614.091422356
0,2,30,15,20,-6.977218926020362e-06,4.968553084882818e-08,1.3292115676382645e-07,2.894566622904777e-07,0.45712736064900406,0.023817204815726772,0.5190619396908452,-3527917.707493784,-76693.86320638661,-89.75652328131306,-4.239767369485201,3822630.690973672,21.17015285492219,50.0,50.0,7143836.678006905
0,2,30,15,15,-6.977218926020362e-06,4.968553084882818e-08,1.3292115676382645e-07,2.894566622904777e-07,0.45712736064900406,0.023817204815726772,0.5190619396908452,-5480713.749570534,-89847.76638640219,-221.1642490916854,-10.216105067812281,5927676.163614186,21.648587952418783,39.34426229508197,60.65573770491803,5338220.815361404
0,2,30,15,10,-6.977218926020362e-06,4.968553084882818e-08,1.3292115676382645e-07,2.894566622904777e-07,0.45712736064900406,0.023817204815726772,0.5190619396908452,-5806269.67552445,-63111.62690787446,-262.75631978298543,-12.817551934234434,5598494.925437485,20.499727337260783,38.04347826086957,61.95652173913043,5479241.753300999
0,2,30,20,20,-7.795362364124174e-06,5.139886438426708e-08,1.664791509946377e-07,5.247236623422676e-07,0.5421364713209915,0.026137563582833773,0.43173301785686113,-3763536.1319421707,-81816.00286830806,-102.56157982192423,-4.89472633674316,4066611.9902695725,20.95348601044903,45.65217391304348,54.347826086956516,6899855.378711005
0,2,30,20,15,-7.795362364124174e-06,5.139886438426708e-08,1.664791509946377e-07,5.247236623422676e-07,0.5421364713209915,0.026137563582833773,0.43173301785686113,-5573640.9940118315,-91371.16383625953,-228.12101561637243,-10.426142722036976,5987886.23994458,21.87971349502148,37.704918032786885,62.295081967213115,5237241.515124681
0,2,30,20,10,-7.795362364124174e-06,5.139886438426708e-08,1.664791509946377e-07,5.247236623422676e-07,0.5421364713209915,0.026137563582833773,0.43173301785686113,-5767796.392413499,-62693.43904797281,-261.94028955138407,-13.158440412390425,5498102.092349078,19.906636450983385,38.04347826086957,61.95652173913043,5512729.037034676
0,2,30,30,20,-8.888656211855352e-06,5.4113281224206805e-08,2.1444827656117223e-07,8.187699698899247e-07,0.6572289178043842,0.0294206658528672,0.3133582176674327,-3380709.823490834,-73493.69181501813,-82.35143499005045,-3.972575776044448,3643592.5910678897,20.729984683149073,45.65217391304348,54.347826086956516,7322874.7779126875
0,2,30,30,15,-8.888656211855352e-06,5.4113281224206805e-08,2.1444827656117223e-07,8.187699698899247e-07,0.6572289178043842,0.0294206658528672,0.3133582176674327,-5317975.652655828,-87179.92873206275,-207.31421014239845,-9.586433271664651,5703613.473006753,21.625791810930643,39.34426229508197,60.65573770491803,5524480.0068701245
0,2,30,30,10,-8.888656211855352e-06,5.4113281224206805e-08,2.1444827656117223e-07,8.187699698899247e-07,0.6572289178043842,0.0294206658528672,0.3133582176674327,-5418936.379362064,-58901.48238437027,-225.75957583550473,-11.615147598120332,5039905.611598867,19.436651487066698,38.04347826086957,61.95652173913043,5947587.593766308
0,2,30,40,20,-3.0544919022217488e-06,4.658221830445703e-08,2.1271649097209597e-07,1.8765669256366663e-06,0.7605806674991544,0.03178754977078363,0.20763270135632927,-3652813.712336071,-79408.99374643632,-96.26204532593083,-4.61275167703578,3937109.9927244587,20.868681443478483,45.65217391304348,54.347826086956516,7029357.3762561185
0,2,30,40,15,-3.0544919022217488e-06,4.658221830445703e-08,2.1271649097209597e-07,1.8765669256366663e-06,0.7605806674991544,0.03178754977078363,0.20763270135632927,-4889930.3667815905,-80162.79289805886,-177.396778912779,-8.264167249528404,5493101.343334362,21.465777924920648,39.34426229508197,60.65573770491803,5954806.258502875
0,2,30,40,10,-3.0544919022217488e-06,4.658221830445703e-08,2.1271649097209597e-07,1.8765669256366663e-06,0.7605806674991544,0.03178754977078363,0.20763270135632927,-5445909.047571776,-59194.66356056279,-228.29487813347447,-11.562262871326359,5213131.640549405,19.744826827941313,39.130434782608695,60.86956521739131,5903831.16219461
0,5,10,15,20,-5.879614713077397e-06,7.704579885676555e-08,3.1024554487925344e-07,2.6723292953783886e-06,0.14229575109869955,-0.15493406926004769,1.0126411381554221,-3079718.830117867,-66950.4093503884,-71.14163212923644,-3.4151494764341956,4577961.527810072,20.831191319776842,43.47826086956522,56.52173913043478,7563189.102979836
0,5,10,15,15,-5.879614713077397e-06,7.704579885676555e-08,3.1024554487925344e-07,2.6723292953783886e-06,0.14229575109869955,-0.15493406926004769,1.0126411381554221,-5238297.742538558,-85873.73348423866,-204.54060701616243,-9.548511546722674,6313499.367668737,21.421203295959433,39.34426229508197,60.65573770491803,5574122.035925616
0,5,10,15,10,-5.879614713077397e-06,7.704579885676555e-08,3.1024554487925344e-07,2.6723292953783886e-06,0.14229575109869955,-0.15493406926004769,1.0126411381554221,-6204229.417910475,-67437.2762816356,-303.5596190828045,-14.419671985000285,6215120.747758811,21.051770067902726,40.21739130434783,59.78260869565217,5025078.21357671
0,5,10,20,20,-1.1906423707090465e-05,1.0315629214465862e-07,4.5979136951434234e-07,4.108184671176979e-06,0.21846125221895948,-0.2600987325043831,1.0416447155767978,-2709645.69180922,-58905.341126287385,-53.31670462507469,-2.5666312459366085,4324416.305733435,20.773028735422606,43.47826086956522,56.52173913043478,7961116.396941468
0,5,10,20,15,-1.1906423707090465e-05,1.0315629214465862e-07,4.5979136951434234e-07,4.108184671176979e-06,0.21846125221895948,-0.2600987325043831,1.0416447155767978,-5223889.396466224,-85637.53108961023,-208.17589345748644,-10.239532696568753,5848218.897441836,20.33060488465902,42.62295081967213,57.377049180327866,5568004.348955212
0,5,10,20,10,-1.1906423707090465e-05,1.0315629214465862e-07,4.5979136951434234e-07,4.108184671176979e-06,0.21846125221895948,-0.2600987325043831,1.0416447155767978,-6217895.756421088,-67585.82343935965,-302.4842061322455,-14.500460684808802,6025099.526170564,20.86031697249031,38.04347826086957,61.95652173913043,5044340.577100354
0,5,10,30,20,-4.3433461849614334e-05,1.806364756275565e-07,9.098978683790757e-07,4.42372691397669e-06,0.440833651813719,-0.522171206932298,1.0813754743191708,-2272248.20291802,-49396.70006343522,-35.964666762969514,-1.8115581090545114,4112466.803080123,19.85289159823871,45.65217391304348,54.347826086956516,8419732.29342764
0,5,10,30,15,-4.3433461849614334e-05,1.806364756275565e-07,9.098978683790757e-07,4.42372691397669e-06,0.440833651813719,-0.522171206932298,1.0813754743191708,-5264751.094676775,-86307.39499470123,-209.38380297241807,-10.42846085634105,5932812.596992584,20.078111799700697,40.98360655737705,59.01639344262295,5561492.917104075
0,5,10,30,10,-4.3433461849614334e-05,1.806364756275565e-07,9.098978683790757e-07,4.42372691397669e-06,0.440833651813719,-0.522171206932298,1.0813754743191708,-5795599.184194925,-62995.643306466576,-258.29721584317537,-12.667462446468232,5598439.696217212,20.39060442726556,41.30434782608695,58.69565217391305,5531665.716254388
0,5,10,40,20,-2.779260833997772e-05,2.6335910328578645e-07,1.7191850264750733e-06,1.877589540230369e-05,1.0071558519232722,-1.1710563355686878,1.1639075178142237,-2376718.0352633963,-51667.78337529123,-39.93352518127378,-2.0180380844814674,4129376.6491090516,19.78829115682158,47.82608695652174,52.17391304347826,8329681.802422784
0,5,10,40,15,-2.779260833997772e-05,2.6335910328578645e-07,1.7191850264750733e-06,1.877589540230369e-05,1.0071558519232722,-1.1710563355686878,1.1639075178142237,-5557644.347904512,-91108.92373613954,-234.1496651506181,-11.802940583655635,6040735.570899057,19.838248230687668,42.62295081967213,57.377049180327866,5241011.976549954
0,5,10,40,10,-2.779260833997772e-05,2.6335910328578645e-07,1.7191850264750733e-06,1.877589540230369e-05,1.0071558519232722,-1.1710563355686878,1.1639075178142237,-5700025.225240955,-61956.79592653212,-248.90044015075955,-12.30406813566204,5472679.4448719295,20.2291175086513,39.130434782608695,60.86956521739131,5644283.357872085
0,5,15,15,20,-4.2729293253346955e-06,6.282097141902698e-08,2.390020370953535e-07,1.8746518599242919e-06,0.21760136384474296,-0.006342935795449797,0.7887436684051637,-3102259.21427936,-67440.41770172522,-74.19856810125722,-3.757490454945669,4251142.964753561,19.746841406768148,45.65217391304348,54.347826086956516,7555364.377504038
0,5,15,15,15,-4.2729293253346955e-06,6.282097141902698e-08,2.390020370953535e-07,1.8746518599242919e-06,0.21760136384474296,-0.006342935795449797,0.7887436684051637,-5908786.653743776,-96865.35497940615,-260.08239992164215,-12.193330719967536,6899295.978975151,21.329889748314365,37.704918032786885,62.295081967213115,4862166.267796725
0,5,15,15,10,-4.2729293253346955e-06,6.282097141902698e-08,2.390020370953535e-07,1.8746518599242919e-06,0.21760136384474296,-0.006342935795449797,0.7887436684051637,-5691412.479540987,-61863.17912544551,-254.59601730228786,-12.198333706304242,5917089.441623902,20.87137665128063,42.391304347826086,57.608695652173914,5552562.259880535
0,5,15,20,20,-7.747849741504476e-06,7.475353196886781e-08,3.1228844314725664e-07,2.5216072905912723e-06,0.2965675763133198,-0.02070324003782674,0.7241405029249827,-3232681.059481214,-70275.67520611334,-79.75733684341868,-4.028908334649916,4291822.009463475,19.7962649478718,43.47826086956522,56.52173913043478,7435259.756667227
0,5,15,20,15,-7.747849741504476e-06,7.475353196886781e-08,3.1228844314725664e-07,2.5216072905912723e-06,0.2965675763133198,-0.02070324003782674,0.7241405029249827,-5981859.528425295,-98063.27095779173,-272.11579195383814,-13.431916023691144,6660363.81947173,20.258896160002916,39.34426229508197,60.65573770491803,4756129.223757533
0,5,15,20,10,-7.747849741504476e-06,7.475353196886781e-08,3.1228844314725664e-07,2.5216072905912723e-06,0.2965675763133198,-0.02070324003782674,0.7241405029249827,-5548752.109557081,-60312.52292996827,-242.8156532627285,-11.993463474540166,5557566.203183857,20.245665797722218,43.47826086956522,56.52173913043478,5711966.472852611
0,5,15,30,20,-2.171644690540139e-05,1.0068914657647856e-07,4.720165447848877e-07,1.9683878699954293e-06,0.44759944154162534,-0.04185034704580185,0.5942700808575205,-3004096.236941475,-65306.43993351032,-71.11266164478431,-3.813916202355171,3952242.0489359815,18.645575275322198,47.82608695652174,52.17391304347826,7682980.250140486
0,5,15,30,15,-2.171644690540139e-05,1.0068914657647856e-07,4.720165447848877e-07,1.9683878699954293e-06,0.44759944154162534,-0.04185034704580185,0.5942700808575205,-6139804.1581453355,-100652.52718271042,-284.1199925659562,-14.05311063002158,6739715.963559239,20.21758741150107,39.34426229508197,60.65573770491803,4617445.8725900715
0,5,15,30,10,-2.171644690540139e-05,1.0068914657647856e-07,4.720165447848877e-07,1.9683878699954293e-06,0.44759944154162534,-0.04185034704580185,0.5942700808575205,-5758770.143740007,-62595.3276493479,-261.40815080736337,-13.216351320852866,5673792.0832258575,19.779146638975273,41.30434782608695,58.69565217391305,5522660.88328154
0,5,15,40,20,-8.963425742718878e-06,9.679564774122254e-08,5.643647917971943e-07,5.551537189101768e-06,0.6361327944501046,-0.06273743727513507,0.42660739355314437,-3014961.2955863844,-65542.63686057358,-70.28641128372712,-3.6931095763570534,4028646.2172804372,19.031769794672282,45.65217391304348,54.347826086956516,7680417.61936328
0,5,15,40,15,-8.963425742718878e-06,9.679564774122254e-08,5.643647917971943e-07,5.551537189101768e-06,0.6361327944501046,-0.06273743727513507,0.42660739355314437,-5851758.274822193,-95930.4635216753,-260.39201214026866,-13.198113464093973,6366857.173861803,19.729487312612985,39.34426229508197,60.65573770491803,4914890.373587209
0,5,15,40,10,-8.963425742718878e-06,9.679564774122254e-08,5.643647917971943e-07,5.551537189101768e-06,0.6361327944501046,-0.06273743727513507,0.42660739355314437,-5515903.312361703,-59955.47078654025,-235.65812703382193,-11.796773446217422,5444722.37576824,19.976490021462993,42.391304347826086,57.608695652173914,5807219.422963523
0,5,20,15,20,-5.57097484347883e-06,6.300395554751169e-08,2.0467442337558698e-07,1.4438369338498573e-06,0.23768773672243548,0.029011804086867855,0.7333043186502273,-2691073.361286654,-58501.59481057944,-53.36900852949415,-2.6446680267968903,3881144.3907663226,20.17985168222888,45.65217391304348,54.347826086956516,7989139.135274658
0,5,20,15,15,-5.57097484347883e-06,6.300395554751169e-08,2.0467442337558698e-07,1.4438369338498573e-06,0.23768773672243548,0.029011804086867855,0.7333043186502273,-5581110.724221361,-91493.61842985837,-230.39187004723877,-10.913535344443739,6146865.056830481,21.11065413505396,39.34426229508197,60.65573770491803,5238909.363808136
0,5,20,15,10,-5.57097484347883e-06,6.300395554751169e-08,2.0467442337558698e-07,1.4438369338498573e-06,0.23768773672243548,0.029011804086867855,0.7333043186502273,-5663743.842087197,-61562.433066165184,-243.49047616044848,-11.654532639528213,5681327.7338848,20.892341519951778,41.30434782608695,58.69565217391305,5677200.109957658
0,5,20,20,20,-6.536169638633944e-06,6.978338416992572e-08,2.782264673890685e-07,2.139141696925981e-06,0.3092813466327289,0.03536473484793067,0.6553579675374307,-2807529.7978116986,-61033.25647416736,-57.979006434817116,-2.878862198831448,3610021.2504877727,20.13955598790079,45.65217391304348,54.347826086956516,7889260.991140639
0,5,20,20,15,-6.536169638633944e-06,6.978338416992572e-08,2.782264673890685e-07,2.139141696925981e-06,0.3092813466327289,0.03536473484793067,0.6553579675374307,-5484117.311325123,-89903.56248073971,-225.28039636244333,-10.874073975531223,6096134.520395528,20.717202850501838,40.98360655737705,59.01639344262295,5320352.818438099
0,5,20,20,10,-6.536169638633944e-06,6.978338416992572e-08,2.782264673890685e-07,2.139141696925981e-06,0.3092813466327289,0.03536473484793067,0.6553579675374307,-5485431.00310677,-59624.25003376924,-224.19164671578892,-10.912005868203405,5466228.630419431,20.545411120888694,40.21739130434783,59.78260869565217,5917537.255250363
0,5,20,30,20,-1.7603368970498988e-05,8.933386425847125e-08,3.9864189047037434e-07,1.5446793269116836e-06,0.441310229369545,0.040779886174130635,0.5179254551702133,-2647585.7957043396,-57556.21295009434,-52.673522520344775,-2.7347644320183626,3604076.9533162154,19.260716536915638,50.0,50.0,8061296.364892144
0,5,20,30,15,-1.7603368970498988e-05,8.933386425847125e-08,3.9864189047037434e-07,1.5446793269116836e-06,0.441310229369545,0.040779886174130635,0.5179254551702133,-5620043.6599058,-92131.86327714425,-237.32715747472693,-11.704933511221594,6161832.750479386,20.27582277568684,40.98360655737705,59.01639344262295,5181935.267278549
0,5,20,30,10,-1.7603368970498988e-05,8.933386425847125e-08,3.9864189047037434e-07,1.5446793269116836e-06,0.441310229369545,0.040779886174130635,0.5179254551702133,-5390859.645273696,-58596.30049210539,-213.82091536760558,-10.526813698979732,5143220.525495801,20.31202617258528,41.30434782608695,58.69565217391305,6050668.402966207
0,5,20,40,20,-6.9347439267989504e-06,8.317174306494086e-08,4.4692218114602727e-07,4.117111538705912e-06,0.5882512423028945,0.05329982100413984,0.35845122423142944,-2840759.1380758956,-61755.633436432516,-61.15629923865431,-3.185913558036626,3705788.233967744,19.195843868514416,47.82608695652174,52.17391304347826,7873131.051575391
0,5,20,40,15,-6.9347439267989504e-06,8.317174306494086e-08,4.4692218114602727e-07,4.117111538705912e-06,0.5882512423028945,0.05329982100413984,0.35845122423142944,-5540809.9291605605,-90832.94965836985,-232.83202526483285,-11.702271615088094,6027141.187868498,19.896310128764696,40.98360655737705,59.01639344262295,5254606.359580513
0,5,20,40,10,-6.9347439267989504e-06,8.317174306494086e-08,4.4692218114602727e-07,4.117111538705912e-06,0.5882512423028945,0.05329982100413984,0.35845122423142944,-5632332.318677338,-61221.00346388411,-235.46412973771612,-11.655565553908339,5358290.862361998,20.201862247581833,41.30434782608695,58.69565217391305,5797925.171964352
0,5,30,15,20,-9.579778315072406e-06,6.793590024030206e-08,1.8402868454637323e-07,4.830278769546104e-07,0.23590336282829336,0.043319491194306885,0.7207859907632531,-2422629.107832179,-52665.85017026476,-38.323328688008196,-1.8566203075439593,3566071.0015065726,20.641446467158612,45.65217391304348,54.347826086956516,8305195.726158584
0,5,30,15,15,-9.579778315072406e-06,6.793590024030206e-08,1.8402868454637323e-07,4.830278769546104e-07,0.23590336282829336,0.043319491194306885,0.7207859907632531,-5461299.406022505,-89529.49845938533,-219.11174399770218,-10.236413009365013,5927869.290947295,21.405129296487242,40.98360655737705,59.01639344262295,5372989.90158501
0,5,30,15,10,-9.579778315072406e-06,6.793590024030206e-08,1.8402868454637323e-07,4.830278769546104e-07,0.23590336282829336,0.043319491194306885,0.7207859907632531,-5352501.431326071,-58179.36338397903,-215.1322318930596,-10.166880549612799,5088437.777886049,21.160102240136265,41.30434782608695,58.69565217391305,5997252.058905666
0,5,30,20,20,-1.1527819213242046e-05,7.554437913788828e-08,2.4882230157296004e-07,8.93185750762014e-07,0.30336066912808046,0.052444513862569236,0.6442051272761321,-2015326.9030142906,-43811.45441335414,-20.633159398773422,-1.004336957782297,3107564.3918156475,20.544060674949222,50.0,50.0,8741387.24267448
0,5,30,20,15,-1.1527819213242046e-05,7.554437913788828e-08,2.4882230157296004e-07,8.93185750762014e-07,0.30336066912808046,0.052444513862569236,0.6442051272761321,-5258224.296959316,-86200.39831080846,-206.54395028246037,-9.891488129153966,5675486.093575281,20.88097843171818,40.98360655737705,59.01639344262295,5566128.960195378
0,5,30,20,10,-1.1527819213242046e-05,7.554437913788828e-08,2.4882230157296004e-07,8.93185750762014e-07,0.30336066912808046,0.052444513862569236,0.6442051272761321,-5233437.084680701,-56885.185703051095,-205.0527781603986,-9.95365224491933,4937829.00613473,20.600757703290697,41.30434782608695,58.69565217391305,6146293.351560047
0,5,30,30,20,-1.4495894774599502e-05,8.795466034180652e-08,3.529873830004582e-07,1.4835100224955812e-06,0.40746780891482803,0.06674716963515712,0.5257975928927237,-2041455.6554267802,-44379.470770147396,-23.341070589173356,-1.1770027410234587,3161479.7187822033,19.830939874343205,50.0,50.0,8722299.423544466
0,5,30,30,15,-1.4495894774599502e-05,8.795466034180652e-08,3.529873830004582e-07,1.4835100224955812e-06,0.40746780891482803,0.06674716963515712,0.5257975928927237,-5277133.8243223205,-86510.39056266099,-207.13649083318492,-9.93026442721412,5728739.385304815,20.859111290684524,42.62295081967213,57.377049180327866,5558790.095691658
0,5,30,30,10,-1.4495894774599502e-05,8.795466034180652e-08,3.529873830004582e-07,1.4835100224955812e-06,0.40746780891482803,0.06674716963515712,0.5257975928927237,-5418267.170699118,-58894.20837716432,-217.38302644009758,-10.641555616841273,5088877.353455131,20.427748937013334,41.30434782608695,58.69565217391305,6004060.395908055
0,5,30,40,20,-5.274395886213852e-06,8.371550769881242e-08,3.907964916807747e-07,3.646242663198892e-06,0.5304406596836306,0.08255280757023131,0.3870076863873616,-2226340.481231942,-48398.70611373787,-32.31545616866417,-1.6849531182446664,3208344.163952794,19.178845879302234,50.0,50.0,8544294.03255765
0,5,30,40,15,-5.274395886213852e-06,8.371550769881242e-08,3.907964916807747e-07,3.646242663198892e-06,0.5304406596836306,0.08255280757023131,0.3870076863873616,-5466901.795670059,-89621.34091262391,-224.21328877914118,-11.034341529053016,5930357.803281091,20.319589364602848,42.62295081967213,57.377049180327866,5351389.74416792
0,5,30,40,10,-5.274395886213852e-06,8.371550769881242e-08,3.907964916807747e-07,3.646242663198892e-06,0.5304406596836306,0.08255280757023131,0.3870076863873616,-5391866.6911046915,-58607.2466424423,-215.19722802398334,-10.592941957397317,5091711.607989474,20.31515219185221,42.391304347826086,57.608695652173914,6035693.773489137
0,10,10,15,20,-6.0304443280675904e-06,7.53474621744199e-08,3.070594105398182e-07,2.7233348115687276e-06,0.1085202086322334,-0.10852020863223368,1.000002924702644,-2949772.3398210113,-64125.485648282855,-62.0159591440387,-2.851988972619119,4577053.171851952,21.744810284833065,41.30434782608695,58.69565217391305,7703965.430116653
0,10,10,15,15,-6.0304443280675904e-06,7.53474621744199e-08,3.070594105398182e-07,2.7233348115687276e-06,0.1085202086322334,-0.10852020863223368,1.000002924702644,-4736427.109784163,-77646.34606203545,-168.1595560430472,-7.702294739432395,6007434.656003528,21.832396932584714,40.98360655737705,59.01639344262295,6079028.266338983
0,10,10,15,10,-6.0304443280675904e-06,7.53474621744199e-08,3.070594105398182e-07,2.7233348115687276e-06,0.1085202086322334,-0.10852020863223368,1.000002924702644,-6523371.439233659,-70906.21129601802,-336.3158753004787,-15.48811029438636,6708462.968424265,21.71445508251422,40.21739130434783,59.78260869565217,4679554.146289463
0,10,10,20,20,-1.178452306514823e-05,9.807629690289575e-08,4.4371043509762085e-07,4.091411310075649e-06,0.17334711616946458,-0.17334711616946433,1.0000071513250228,-2366334.3859206364,-51442.051867839924,-36.11633985449092,-1.6913823507817412,4361027.449335965,21.353149296963092,43.47826086956522,56.52173913043478,8319421.882410591
0,10,10,20,15,-1.178452306514823e-05,9.807629690289575e-08,4.4371043509762085e-07,4.091411310075649e-06,0.17334711616946458,-0.17334711616946433,1.0000071513250228,-4742686.227783031,-77748.95455382018,-173.38384962325074,-8.386353268625243,5439562.405206212,20.674522533162165,40.98360655737705,59.01639344262295,6050620.780673124
0,10,10,20,10,-1.178452306514823e-05,9.807629690289575e-08,4.4371043509762085e-07,4.091411310075649e-06,0.17334711616946458,-0.17334711616946433,1.0000071513250228,-6071549.3738299785,-65995.10188945629,-286.1914433747111,-13.497767322481131,6009683.865342712,21.202872781637492,41.30434782608695,58.69565217391305,5196775.569046481
0,10,10,30,20,-4.1750680760306896e-05,1.6715613572782233e-07,8.571442910439771e-07,4.394255678495685e-06,0.34059637021564854,-0.3405963702156481,1.0000363321246546,-2067220.6450163017,-44939.57923948482,-25.892555417062436,-1.2716877373039928,4255086.893892413,20.36078091934365,41.30434782608695,58.69565217391305,8630882.060969401
0,10,10,30,15,-4.1750680760306896e-05,1.6715613572782233e-07,8.571442910439771e-07,4.394255678495685e-06,0.34059637021564854,-0.3405963702156481,1.0000363321246546,-4573983.048874349,-74983.3286700713,-160.7387011326503,-7.830110966132362,5327087.663542198,20.528278823620077,39.34426229508197,60.65573770491803,6250463.923619268
0,10,10,30,10,-4.1750680760306896e-05,1.6715613572782233e-07,8.571442910439771e-07,4.394255678495685e-06,0.34059637021564854,-0.3405963702156481,1.0000363321246546,-5881736.578278983,-63931.91932911938,-263.3889499029287,-12.528264680888036,5768587.26305677,21.023578014338295,42.391304347826086,57.608695652173914,5447008.445893168
0,10,10,40,20,-2.5154643352795876e-05,2.271151308429183e-07,1.5301734377880753e-06,1.743022730327269e-05,0.7265407575346476,-0.7265407575346492,1.0000059671274826,-2732507.64747716,-59402.34016254696,-54.816756352892504,-2.726291560948045,4326614.954052233,20.10671093954105,41.30434782608695,58.69565217391305,7967345.007200715
0,10,10,40,15,-2.5154643352795876e-05,2.271151308429183e-07,1.5301734377880753e-06,1.743022730327269e-05,0.7265407575346476,-0.7265407575346492,1.0000059671274826,-4716673.463887325,-77322.51580143155,-171.26502812574063,-8.384175033463768,5186280.242113704,20.427177085660823,42.62295081967213,57.377049180327866,6095467.3053353075
0,10,10,40,10,-2.5154643352795876e-05,2.271151308429183e-07,1.5301734377880753e-06,1.743022730327269e-05,0.7265407575346476,-0.7265407575346492,1.0000059671274826,-6130801.677486131,-66639.14866832751,-286.70095794422303,-13.78239184900729,5910075.615867449,20.801974075702496,42.391304347826086,57.608695652173914,5206887.186876565
0,10,15,15,20,-3.819904049990933e-06,5.177169865527294e-08,2.0463836795937404e-07,1.786036296659027e-06,0.23608688018635188,0.09375992297816103,0.6701549742931737,-2220822.7638109643,-48278.75573502096,-25.940859639892867,-1.149427639149982,4131186.45634514,22.568501710187252,47.82608695652174,52.17391304347826,8480242.353329135
0,10,15,15,15,-3.819904049990933e-06,5.177169865527294e-08,2.0463836795937404e-07,1.786036296659027e-06,0.23608688018635188,0.09375992297816103,0.6701549742931737,-3580048.0907069305,-58689.312962408694,-91.75342711986708,-4.090533451951659,5355898.7352073565,22.43067516685142,45.90163934426229,54.09836065573771,7301807.58530084
0,10,15,15,10,-3.819904049990933e-06,5.177169865527294e-08,2.0463836795937404e-07,1.786036296659027e-06,0.23608688018635188,0.09375992297816103,0.6701549742931737,-6116214.840316213,-66480.59609039362,-279.1711516497044,-12.796511322938702,6192340.4226722885,21.816192289008434,39.130434782608695,60.86956521739131,5247040.7704621125
0,10,15,20,20,-6.528566647305697e-06,5.821292641806931e-08,2.548349855354464e-07,2.2981846019876068e-06,0.3075658831900204,0.11237699952732927,0.5800610346167838,-2095319.316829515,-45550.41993107641,-22.339303445434386,-1.0117293474623634,4351191.656266974,22.08031574992482,47.82608695652174,52.17391304347826,8601197.580240201
0,10,15,20,15,-6.528566647305697e-06,5.821292641806931e-08,2.548349855354464e-07,2.2981846019876068e-06,0.3075658831900204,0.11237699952732927,0.5800610346167838,-3876599.17032633,-63550.80607092344,-116.01904506569467,-5.496546809648556,5163094.109196612,21.107624310964948,47.540983606557376,52.459016393442624,6945462.939414771
0,10,15,20,10,-6.528566647305697e-06,5.821292641806931e-08,2.548349855354464e-07,2.2981846019876068e-06,0.3075658831900204,0.11237699952732927,0.5800610346167838,-5683058.056692749,-61772.37018144293,-238.3809608004824,-11.181949818282455,5664385.733047464,21.318371542924496,42.391304347826086,57.608695652173914,5716678.576860993
0,10,15,30,20,-1.7052622530433628e-05,7.258299128631229e-08,3.5969904038755726e-07,1.7969170705867806e-06,0.4255036825176261,0.14553151459645153,0.42897962630935044,-2116615.971540915,-46013.390685672064,-27.211694604693943,-1.320791305180597,4178616.5065432247,20.602569458142504,45.65217391304348,54.347826086956516,8581286.694036447
0,10,15,30,15,-1.7052622530433628e-05,7.258299128631229e-08,3.5969904038755726e-07,1.7969170705867806e-06,0.4255036825176261,0.14553151459645153,0.42897962630935044,-3765072.3291939236,-61722.49719990039,-108.77245032285914,-5.215969923038779,4957985.171561409,20.853734190915205,42.62295081967213,57.377049180327866,7084873.503320379
0,10,15,30,10,-1.7052622530433628e-05,7.258299128631229e-08,3.5969904038755726e-07,1.7969170705867806e-06,0.4255036825176261,0.14553151459645153,0.42897962630935044,-5540925.197915195,-60227.447803426025,-229.49364454600044,-11.127042744621196,5462084.529736161,20.62485512216959,42.391304347826086,57.608695652173914,5850457.717729444
0,10,15,40,20,-6.485683548694713e-06,6.195197831080775e-08,3.9227705570824784e-07,4.320240885561254e-06,0.5485606187755842,0.18398216543895818,0.26745892699908663,-2494533.119244891,-54228.980853149806,-43.50335323996789,-2.1363937337975587,4226357.080162064,20.362984852346603,43.47826086956522,56.52173913043478,8211409.101250488
0,10,15,40,15,-6.485683548694713e-06,6.195197831080775e-08,3.9227705570824784e-07,4.320240885561254e-06,0.5485606187755842,0.18398216543895818,0.26745892699908663,-4150342.3766009053,-68038.39961640828,-134.31280803489366,-6.527544803366581,4974188.232938831,20.576313465611424,42.62295081967213,57.377049180327866,6667815.001115168
0,10,15,40,10,-6.485683548694713e-06,6.195197831080775e-08,3.9227705570824784e-07,4.320240885561254e-06,0.5485606187755842,0.18398216543895818,0.26745892699908663,-5723111.588679131,-62207.734659555776,-244.3514754036317,-11.811685532346567,5441232.718543884,20.687265567176645,41.30434782608695,58.69565217391305,5675730.08420013
0,10,20,15,20,-5.2092235657156885e-06,5.546348460459037e-08,1.8994927378145085e-07,1.6253004218747257e-06,0.24196235796615412,0.0958781216030009,0.6621628589412305,-1689278.936946009,-36723.4551510002,-4.708084976112548,-0.21078557710071671,4196987.7768827705,22.33589717508494,43.47826086956522,56.52173913043478,9026350.29765495
0,10,20,15,15,-5.2092235657156885e-06,5.546348460459037e-08,1.8994927378145085e-07,1.6253004218747257e-06,0.24196235796615412,0.0958781216030009,0.6621628589412305,-3859931.250469163,-63277.56148310103,-108.8616926371153,-5.010654475447467,4999244.844678536,21.726042609911474,42.62295081967213,57.377049180327866,7035659.640945849
0,10,20,15,10,-5.2092235657156885e-06,5.546348460459037e-08,1.8994927378145085e-07,1.6253004218747257e-06,0.24196235796615412,0.0958781216030009,0.6621628589412305,-5806062.100860798,-63109.37066153041,-240.70213400716045,-10.938928849017573,5691922.998621235,22.00417767858303,41.30434782608695,58.69565217391305,5660623.802026778
0,10,20,20,20,-5.941310389095999e-06,5.9264592587276666e-08,2.4972863699730276e-07,2.2762351318549963e-06,0.30632197996274824,0.11941695626228492,0.5742644198569945,-1287120.5132498133,-27980.88072282203,11.461177383614046,0.5102000694842936,4192298.237420312,22.46408432519211,41.30434782608695,58.69565217391305,9443080.319673626
0,10,20,20,15,-5.941310389095999e-06,5.9264592587276666e-08,2.4972863699730276e-07,2.2762351318549963e-06,0.30632197996274824,0.11941695626228492,0.5742644198569945,-3706974.374507274,-60770.071713234,-101.18292142419511,-4.69637015720359,4966232.857134307,21.544920446484472,42.62295081967213,57.377049180327866,7180195.440007659
0,10,20,20,10,-5.941310389095999e-06,5.9264592587276666e-08,2.4972863699730276e-07,2.2762351318549963e-06,0.30632197996274824,0.11941695626228492,0.5742644198569945,-5649540.925291384,-61408.05353577591,-222.20097343518984,-10.066018104579143,5470674.393332237,22.074366559514544,41.30434782608695,58.69565217391305,5870838.916752471
0,10,20,30,20,-1.5904997772635797e-05,7.362240372029453e-08,3.5256817595946306e-07,1.806327383466842e-06,0.4231661170393732,0.15609112955558532,0.42075642588485085,-1494595.9435039614,-32491.216163129597,0.2597082743123827,0.01208591523177957,4133214.8983673993,21.488507020923592,39.130434782608695,60.86956521739131,9218820.135032136
0,10,20,30,15,-1.5904997772635797e-05,7.362240372029453e-08,3.5256817595946306e-07,1.806327383466842e-06,0.4231661170393732,0.15609112955558532,0.42075642588485085,-4004500.3491648133,-65647.54670761988,-118.39575571392973,-5.5235571466672795,4956410.985842287,21.434693725467397,40.98360655737705,59.01639344262295,6888908.304556231
0,10,20,30,10,-1.5904997772635797e-05,7.362240372029453e-08,3.5256817595946306e-07,1.806327383466842e-06,0.4231661170393732,0.15609112955558532,0.42075642588485085,-5383748.926926644,-58519.0100752896,-205.91557427422327,-9.766131871547898,5071433.469728122,21.084660434918575,41.30434782608695,58.69565217391305,6113611.549660093
0,10,20,40,20,-5.742700319557345e-06,6.37128651811801e-08,3.794089696438678e-07,4.167650796030044e-06,0.5418215453356873,0.1990130879269063,0.25916649866509517,-1386926.0424564804,-30150.56614035827,4.54269863595992,0.2129754982771974,4124717.6231422285,21.329677229102614,39.130434782608695,60.86956521739131,9344590.445300492
0,10,20,40,15,-5.742700319557345e-06,6.37128651811801e-08,3.794089696438678e-07,4.167650796030044e-06,0.5418215453356873,0.1990130879269063,0.25916649866509517,-4005437.3393094847,-65662.90720179483,-121.75130518416752,-5.773083546036876,5046104.142697347,21.089475704495516,40.98360655737705,59.01639344262295,6850734.9465097645
0,10,20,40,10,-5.742700319557345e-06,6.37128651811801e-08,3.794089696438678e-07,4.167650796030044e-06,0.5418215453356873,0.1990130879269063,0.25916649866509517,-5278157.113477915,-57371.272972586026,-197.89671755939148,-9.386380920631144,4904002.286513647,21.08338871315323,42.391304347826086,57.608695652173914,6212960.516230367
0,10,30,15,20,-9.497235007941547e-06,6.561831258201269e-08,1.8106773408555555e-07,8.271373508870855e-07,0.2164121797973296,0.07736362951955382,0.7062326140947269,-1998401.275250675,-43443.505983710325,-14.37857274039231,-0.638191878228638,4078160.475606585,22.530171929328528,45.65217391304348,54.347826086956516,8764312.833192874
0,10,30,15,15,-9.497235007941547e-06,6.561831258201269e-08,1.8106773408555555e-07,8.271373508870855e-07,0.2164121797973296,0.07736362951955382,0.7062326140947269,-3400289.8098640563,-55742.45589941076,-80.38945501584776,-3.683287550579466,4709789.172609533,21.825462691122404,42.62295081967213,57.377049180327866,7538944.956323282
0,10,30,15,10,-9.497235007941547e-06,6.561831258201269e-08,1.8106773408555555e-07,8.271373508870855e-07,0.2164121797973296,0.07736362951955382,0.7062326140947269,-5419908.433337522,-58912.04818845132,-210.0023775835146,-9.676213859100654,5186180.6662957445,21.7029491742789,40.21739130434783,59.78260869565217,6035967.332247457
0,10,30,20,20,-1.1347183007006766e-05,7.227089498640605e-08,2.4282876300683336e-07,1.3209704963805101e-06,0.27706810744131843,0.09583476265344609,0.6271068410180881,-2195501.563005953,-47728.294847955505,-22.75612970810194,-1.0194481130443647,3986494.5207125926,22.322008758391444,43.47826086956522,56.52173913043478,8573799.363515884
0,10,30,20,15,-1.1347183007006766e-05,7.227089498640605e-08,2.4282876300683336e-07,1.3209704963805101e-06,0.27706810744131843,0.09583476265344609,0.6271068410180881,-3832584.305924722,-62829.25091679872,-104.92395875215885,-4.865361914312494,4475474.2367677465,21.565499257825564,45.90163934426229,54.09836065573771,7113228.602848368
0,10,30,20,10,-1.1347183007006766e-05,7.227089498640605e-08,2.4282876300683336e-07,1.3209704963805101e-06,0.27706810744131843,0.09583476265344609,0.6271068410180881,-5633926.20238056,-61238.32828674522,-229.67006818975682,-10.675593328183668,5332356.246272938,21.513564738685357,39.130434782608695,60.86956521739131,5811859.154596884
0,10,30,30,20,-1.3959151375167693e-05,8.251305253632309e-08,3.3571583684434285e-07,1.988188004568864e-06,0.3642662923632817,0.12258681714551169,0.5131584432256878,-2742816.145346122,-59626.437942307,-47.27464717857531,-2.155455729610855,3997688.458749025,21.932553069466312,41.30434782608695,58.69565217391305,8023245.411748692
0,10,30,30,15,-1.3959151375167693e-05,8.251305253632309e-08,3.3571583684434285e-07,1.988188004568864e-06,0.3642662923632817,0.12258681714551169,0.5131584432256878,-3641423.6322303484,-59695.46938082539,-93.83053791502772,-4.419009227189909,4424530.047304189,21.233388094709973,44.26229508196721,55.73770491803278,7328492.841080153
0,10,30,30,10,-1.3959151375167693e-05,8.251305253632309e-08,3.3571583684434285e-07,1.988188004568864e-06,0.3642662923632817,0.12258681714551169,0.5131584432256878,-5625044.454921983,-61141.78755349982,-230.0764001142646,-10.999510889809642,5299974.777834955,20.916966437790972,39.130434782608695,60.86956521739131,5833558.313326933
0,10,30,40,20,-4.397967196299138e-06,7.700934976719515e-08,3.6925468626481935e-07,4.306569135821357e-06,0.4690333680236511,0.15383407643875405,0.37713220067161934,-2545359.202841903,-55333.895713954415,-38.65460948394766,-1.7625950973707312,4181978.296350073,21.93051004261209,41.30434782608695,58.69565217391305,8223433.689604963
0,10,30,40,15,-4.397967196299138e-06,7.700934976719515e-08,3.6925468626481935e-07,4.306569135821357e-06,0.4690333680236511,0.15383407643875405,0.37713220067161934,-3753677.6136853914,-61535.698585006416,-102.119878851471,-4.82092799686309,4457765.064542024,21.182618557655076,45.90163934426229,54.09836065573771,7183789.963028161
0,10,30,40,10,-4.397967196299138e-06,7.700934976719515e-08,3.6925468626481935e-07,4.306569135821357e-06,0.4690333680236511,0.15383407643875405,0.37713220067161934,-5521801.03977589,-60019.576519303155,-222.89211303501216,-10.701769083537135,5193922.0896202335,20.827595072845856,40.21739130434783,59.78260869565217,5923040.713123781
0,20,10,15,20,-1.6062034322360983e-05,1.7101519681739351e-07,5.856864687215699e-07,5.011424606943883e-06,-0.2956290242727022,-0.7460627575959733,2.0417020757767252,-1689278.936946009,-36723.4551510002,-4.708084976112548,-0.21078557710071671,4196987.7768827705,22.33589717508494,43.47826086956522,56.52173913043478,9026350.29765495
0,20,10,15,15,-1.6062034322360983e-05,1.7101519681739351e-07,5.856864687215699e-07,5.011424606943883e-06,-0.2956290242727022,-0.7460627575959733,2.0417020757767252,-3859931.250469163,-63277.56148310103,-108.8616926371153,-5.010654475447467,4999244.844678536,21.726042609911474,42.62295081967213,57.377049180327866,7035659.640945849
0,20,10,15,10,-1.6062034322360983e-05,1.7101519681739351e-07,5.856864687215699e-07,5.011424606943883e-06,-0.2956290242727022,-0.7460627575959733,2.0417020757767252,-5806062.100860798,-63109.37066153041,-240.70213400716045,-10.938928849017573,5691922.998621235,22.00417767858303,41.30434782608695,58.69565217391305,5660623.802026778
0,20,10,20,20,-4.0002863459513465e-05,3.9902870747226646e-07,1.6814237791831085e-06,1.5325899038780664e-05,-0.804034780757806,-2.062466953685316,3.8665243309550563,-1287120.5132498133,-27980.88072282203,11.461177383614046,0.5102000694842936,4192298.237420312,22.46408432519211,41.30434782608695,58.69565217391305,9443080.319673626
0,20,10,20,15,-4.0002863459513465e-05,3.9902870747226646e-07,1.6814237791831085e-06,1.5325899038780664e-05,-0.804034780757806,-2.062466953685316,3.8665243309550563,-3706974.374507274,-60770.071713234,-101.18292142419511,-4.69637015720359,4966232.857134307,21.544920446484472,42.62295081967213,57.377049180327866,7180195.440007659
0,20,10,20,10,-4.0002863459513465e-05,3.9902870747226646e-07,1.6814237791831085e-06,1.5325899038780664e-05,-0.804034780757806,-2.062466953685316,3.8665243309550563,-5649540.925291384,-61408.05353577591,-222.20097343518984,-10.066018104579143,5470674.393332237,22.074366559514544,41.30434782608695,58.69565217391305,5870838.916752471
0,20,10,30,20,0.00010033781424378118,-4.644521913342838e-07,-2.2242015153597043e-06,-1.1395345290621457e-05,0.9847120374575522,2.669573668146553,-2.6543719594193513,-3041189.875908267,-66112.82338931016,-62.24840046527934,-2.80755578215808,3992620.961996981,22.171741292146635,39.130434782608695,60.86956521739131,7665398.713038399
0,20,10,30,15,0.00010033781424378118,-4.644521913342838e-07,-2.2242015153597043e-06,-1.1395345290621457e-05,0.9847120374575522,2.669573668146553,-2.6543719594193513,-3329411.699230937,-54580.519659523554,-73.00026434347369,-3.4887282373509203,3815611.2684714505,20.924606153589263,44.26229508196721,55.73770491803278,7731858.402926098
0,20,10,30,10,0.00010033781424378118,-4.644521913342838e-07,-2.2242015153597043e-06,-1.1395345290621457e-05,0.9847120374575522,2.669573668146553,-2.6543719594193513,-5494109.012242845,-59718.576220030925,-211.2443937118038,-10.004790088210715,5515428.889114385,21.114325423051763,43.47826086956522,56.52173913043478,6043765.220042183
0,20,10,40,20,1.1922496863845793e-05,-1.3227513069457698e-07,-7.876960313058182e-07,-8.652515503212343e-06,0.41317373093494086,1.1248829497560626,-0.538059030701202,-3429567.1896973304,-74555.8084716811,-80.9045033024816,-3.6103113717621738,4171257.8786414023,22.409286892889945,39.130434782608695,60.86956521739131,7255191.575313543
0,20,10,40,15,1.1922496863845793e-05,-1.3227513069457698e-07,-7.876960313058182e-07,-8.652515503212343e-06,0.41317373093494086,1.1248829497560626,-0.538059030701202,-3409071.655876502,-55886.42058813938,-74.10927916668335,-3.361875236858693,3767957.15208447,22.044030175233516,44.26229508196721,55.73770491803278,7646922.629853255
0,20,10,40,10,1.1922496863845793e-05,-1.3227513069457698e-07,-7.876960313058182e-07,-8.652515503212343e-06,0.41317373093494086,1.1248829497560626,-0.538059030701202,-5697976.729690664,-61934.5296705507,-231.2193134002571,-10.831491049751023,5699472.487558272,21.346951434315407,41.30434782608695,58.69565217391305,5796264.174702158
0,20,15,15,20,-1.3980670291681719e-05,1.4924064638802078e-07,4.997087628849657e-07,3.999343028884271e-06,-0.28938263585174895,-0.4575861702163514,1.746978138445954,-1984592.5968141127,-43143.31732204593,-19.374743251571253,-0.8692615992297218,4638307.107621949,22.288737094494664,39.130434782608695,60.86956521739131,8663965.030970346
0,20,15,15,15,-1.3980670291681719e-05,1.4924064638802078e-07,4.997087628849657e-07,3.999343028884271e-06,-0.28938263585174895,-0.4575861702163514,1.746978138445954,-4066667.7569387476,-66666.68453997947,-124.52005517616702,-5.760867645729187,5073601.811885895,21.61480923250855,42.62295081967213,57.377049180327866,6777905.87470136
0,20,15,15,10,-1.3980670291681719e-05,1.4924064638802078e-07,4.997087628849657e-07,3.999343028884271e-06,-0.28938263585174895,-0.4575861702163514,1.746978138445954,-5146466.900402141,-55939.85761306675,-209.47074083614424,-9.843090513558609,5193117.173700519,21.28099305270063,42.391304347826086,57.608695652173914,6061020.390341109
0,20,15,20,20,-2.831390015716692e-05,2.845351364740309e-07,1.1628521867228271e-06,9.987165866883038e-06,-0.6586964137089969,-1.051314113624511,2.710027406680475,-1993881.1602074034,-43345.24261320442,-19.99241096733305,-0.9090520528629755,4450637.957940195,21.99259206815363,36.95652173913043,63.04347826086957,8672134.092570174
0,20,15,20,15,-2.831390015716692e-05,2.845351364740309e-07,1.1628521867228271e-06,9.987165866883038e-06,-0.6586964137089969,-1.051314113624511,2.710027406680475,-4383100.650651542,-71854.10902707445,-144.08748114591825,-6.667630607609705,5059093.434407259,21.609997557674017,37.704918032786885,62.295081967213115,6461136.635001976
0,20,15,20,10,-2.831390015716692e-05,2.845351364740309e-07,1.1628521867228271e-06,9.987165866883038e-06,-0.6586964137089969,-1.051314113624511,2.710027406680475,-5249507.277129463,-57059.86170792895,-212.693174551032,-10.216247337358219,5155544.162266612,20.819109750139578,43.47826086956522,56.52173913043478,6042688.662459655
0,20,15,30,20,0.00022852241366927436,-1.0854850419729991e-06,-5.0126484662093115e-06,-2.3531049073329434e-05,2.673346272855565,4.476234983338158,-6.149780149424811,-2609456.8822965208,-56727.32352818523,-44.04778096244619,-2.0537950379824923,3936585.9760796856,21.44701888349858,47.82608695652174,52.17391304347826,8116288.358330456
0,20,15,30,15,0.00022852241366927436,-1.0854850419729991e-06,-5.0126484662093115e-06,-2.3531049073329434e-05,2.673346272855565,4.476234983338158,-6.149780149424811,-1207187.0154008898,-19789.951072145734,33.185281216431925,1.5266921062557965,3417891.62343234,21.736721556659276,49.18032786885246,50.81967213114754,9963365.811108358
0,20,15,30,10,0.00022852241366927436,-1.0854850419729991e-06,-5.0126484662093115e-06,-2.3531049073329434e-05,2.673346272855565,4.476234983338158,-6.149780149424811,-4909681.306859172,-53366.101161512735,-167.23747418003668,-8.113328151001744,4875331.08538697,20.61268459348437,44.565217391304344,55.434782608695656,6626315.78201813
0,20,15,40,20,1.473826613012891e-05,-1.7695924362189553e-07,-1.0083162825068392e-06,-1.0702941820975552e-05,0.6460521005483306,1.083662236969651,-0.7297171875667645,-2772861.990931201,-60279.60849850436,-50.577040919262906,-2.3257862015808333,4061407.374514715,21.746212478552746,47.82608695652174,52.17391304347826,7949218.973945343
0,20,15,40,15,1.473826613012891e-05,-1.7695924362189553e-07,-1.0083162825068392e-06,-1.0702941820975552e-05,0.6460521005483306,1.083662236969651,-0.7297171875667645,-1674550.9093113132,-27451.654251005133,12.559169194427373,0.5664906117557191,3598181.957227572,22.170127684027907,49.18032786885246,50.81967213114754,9440858.110072302
0,20,15,40,10,1.473826613012891e-05,-1.7695924362189553e-07,-1.0083162825068392e-06,-1.0702941820975552e-05,0.6460521005483306,1.083662236969651,-0.7297171875667645,-5024674.793684891,-54616.03036614013,-179.40840922752653,-8.62795794390696,4791679.390050564,20.793843733814704,42.391304347826086,57.608695652173914,6459060.831110751
0,20,20,15,20,-8.208112044285222e-06,8.46588389761323e-08,2.753534830809142e-07,1.966145663644398e-06,0.013861933499563911,-0.013861933499565734,1.0000058819540603,-3437314.2577963537,-74724.22299557291,-87.65631036521972,-4.006509431630791,4882420.169059924,21.87847348447162,39.130434782608695,60.86956521739131,7156338.957688241
0,20,20,15,15,-8.208112044285222e-06,8.46588389761323e-08,2.753534830809142e-07,1.966145663644398e-06,0.013861933499563911,-0.013861933499565734,1.0000058819540603,-4699496.921863719,-77040.93314530687,-172.75158222204422,-8.179002147099451,5339784.243163727,21.12135186115677,39.34426229508197,60.65573770491803,6041744.319137495
0,20,20,15,10,-8.208112044285222e-06,8.46588389761323e-08,2.753534830809142e-07,1.966145663644398e-06,0.013861933499563911,-0.013861933499565734,1.0000058819540603,-6449954.069349376,-70108.19640597147,-358.32810222883506,-15.88767891986822,7116971.041957199,22.553835839464913,40.21739130434783,59.78260869565217,4446270.761316859
0,20,20,20,20,-1.0983055467856795e-05,1.0550517590706899e-07,4.2533696110870075e-07,3.3175972936678203e-06,0.022363986915765972,-0.022363986915765705,1.0000071346160369,-3359508.8408650826,-73032.80088837136,-86.15224694312955,-4.092556861217115,4718008.039317948,21.050959061692335,45.65217391304348,54.347826086956516,7233051.854477877
0,20,20,20,15,-1.0983055467856795e-05,1.0550517590706899e-07,4.2533696110870075e-07,3.3175972936678203e-06,0.022363986915765972,-0.022363986915765705,1.0000071346160369,-5110388.801248141,-83776.86559423181,-209.5482153420456,-9.962299331455602,5820401.111408152,21.03412157878098,37.704918032786885,62.295081967213115,5520913.0916038975
0,20,20,20,10,-1.0983055467856795e-05,1.0550517590706899e-07,4.2533696110870075e-07,3.3175972936678203e-06,0.022363986915765972,-0.022363986915765705,1.0000071346160369,-5397490.557210147,-58668.37562184943,-265.9827158609892,-12.731133471187755,6162086.30575089,20.892304401877755,40.21739130434783,59.78260869565217,5427535.69697449
0,20,20,30,20,-3.645446602104802e-05,1.7189272610768145e-07,7.731217033494841e-07,3.0867066292975e-06,0.050733534571456504,-0.05073353457145522,1.000032422744961,-3858406.449226931,-83878.40107015068,-112.7104701554058,-5.356600219611217,4724270.707152528,21.041419096903663,43.47826086956522,56.52173913043478,6709748.708748585
0,20,20,30,15,-3.645446602104802e-05,1.7189272610768145e-07,7.731217033494841e-07,3.0867066292975e-06,0.050733534571456504,-0.05073353457145522,1.000032422744961,-5384085.270360746,-88263.69295673355,-231.6229720799457,-11.191834770250157,6155760.1039327895,20.69571047417889,37.704918032786885,62.295081967213115,5241829.714066208
0,20,20,30,10,-3.645446602104802e-05,1.7189272610768145e-07,7.731217033494841e-07,3.0867066292975e-06,0.050733534571456504,-0.05073353457145522,1.000032422744961,-6041278.7264396455,-65666.07311347441,-329.6350697769523,-15.619176833418216,6771163.085112428,21.10450975058284,43.47826086956522,56.52173913043478,4766548.217385972
0,20,20,40,20,-2.0964734453671096e-05,2.2738483794580354e-07,1.2470520476929503e-06,1.2086038384536529e-05,0.09917993135808288,-0.09917993135808323,1.000007404259184,-3951447.46787226,-85901.03191026652,-116.73585276632117,-5.714740821680833,4477241.19413156,20.427147338588586,41.30434782608695,58.69565217391305,6664157.325242385
0,20,20,40,15,-2.0964734453671096e-05,2.2738483794580354e-07,1.2470520476929503e-06,1.2086038384536529e-05,0.09917993135808288,-0.09917993135808323,1.000007404259184,-5113972.018876918,-83835.60686683471,-211.3070228113445,-10.76978795471808,5727501.409411655,19.620351273376198,36.0655737704918,63.934426229508205,5554246.138037357
0,20,20,40,10,-2.0964734453671096e-05,2.2738483794580354e-07,1.2470520476929503e-06,1.2086038384536529e-05,0.09917993135808288,-0.09917993135808323,1.000007404259184,-6430532.129298594,-69897.08836194123,-365.65108936243,-17.357263696229243,7012270.296043742,21.066171244599193,44.565217391304344,55.434782608695656,4433867.537761465
0,20,30,15,20,-1.0491338651397762e-05,7.462317774542495e-08,1.9362429410471635e-07,6.692446524691867e-07,0.11269719484828142,0.09028486640467655,0.797027492593569,-2443506.751991788,-53119.71199982148,-37.568588357760206,-1.707351060155885,4075100.809941737,22.004020868637355,43.47826086956522,56.52173913043478,8239944.98557691
0,20,30,15,15,-1.0491338651397762e-05,7.462317774542495e-08,1.9362429410471635e-07,6.692446524691867e-07,0.11269719484828142,0.09028486640467655,0.797027492593569,-3471115.931400251,-56903.53985902051,-87.25722130563793,-3.9884651657667987,4636431.709150712,21.877393352854412,42.62295081967213,57.377049180327866,7409915.081476219
0,20,30,15,10,-1.0491338651397762e-05,7.462317774542495e-08,1.9362429410471635e-07,6.692446524691867e-07,0.11269719484828142,0.09028486640467655,0.797027492593569,-5138505.591876591,-55853.321650832506,-203.49142150790396,-9.120918987006123,5504458.606854951,22.31040773389202,45.65217391304348,54.347826086956516,6083414.308267076
0,20,30,20,20,-1.3187642566310413e-05,8.62354710522261e-08,2.745912564146251e-07,1.212170064608391e-06,0.14799335042636116,0.11510116640392291,0.7369170978154902,-2917043.4697845774,-63413.98847357777,-57.872947029991685,-2.6180528856464753,3927165.5345570697,22.105339180610606,47.82608695652174,52.17391304347826,7776943.405967
0,20,30,20,15,-1.3187642566310413e-05,8.62354710522261e-08,2.745912564146251e-07,1.212170064608391e-06,0.14799335042636116,0.11510116640392291,0.7369170978154902,-3202021.182480958,-52492.15053247472,-72.53342172781718,-3.2659259153827436,4603133.42009394,22.209144851136887,44.26229508196721,55.73770491803278,7662709.238211872
0,20,30,20,10,-1.3187642566310413e-05,8.62354710522261e-08,2.745912564146251e-07,1.212170064608391e-06,0.14799335042636116,0.11510116640392291,0.7369170978154902,-4779909.272091811,-51955.53556621533,-173.8030489497527,-8.014195903113468,5073437.9654189125,21.686897980898028,41.30434782608695,58.69565217391305,6491603.382968998
0,20,30,30,20,-1.6637873254993914e-05,1.0232746805133282e-07,3.889326486300086e-07,1.9178443315424954e-06,0.20319296562332642,0.15385392902853162,0.6429673341169487,-2850655.661335199,-61970.775246417375,-52.60180300628927,-2.3487914212924266,3787586.488515986,22.395263593625117,43.47826086956522,56.52173913043478,7872213.200906696
0,20,30,30,15,-1.6637873254993914e-05,1.0232746805133282e-07,3.889326486300086e-07,1.9178443315424954e-06,0.20319296562332642,0.15385392902853162,0.6429673341169487,-3246202.054319025,-53216.427119984015,-71.57769821094745,-3.1891112526357697,4813568.461697104,22.444403014096537,45.90163934426229,54.09836065573771,7664527.581834089
0,20,30,30,10,-1.6637873254993914e-05,1.0232746805133282e-07,3.889326486300086e-07,1.9178443315424954e-06,0.20319296562332642,0.15385392902853162,0.6429673341169487,-5076699.319448463,-55181.51434183111,-186.23495193634687,-8.547644461701486,5179186.257892308,21.787868315158622,41.30434782608695,58.69565217391305,6326880.854919686
0,20,30,40,20,-5.994294826095347e-06,1.0359930321708282e-07,4.570194021827382e-07,4.775537151129761e-06,0.2716964754591283,0.20091469910511195,0.5273894835747294,-2458506.748055699,-53445.79887077606,-35.16944255532016,-1.5916996760342703,3653185.38659087,22.095526615262653,43.47826086956522,56.52173913043478,8289311.7721371
0,20,30,40,15,-5.994294826095347e-06,1.0359930321708282e-07,4.570194021827382e-07,4.775537151129761e-06,0.2716964754591283,0.20091469910511195,0.5273894835747294,-2565429.921090641,-42056.22821460068,-34.58544774674942,-1.538495759491367,4521605.819926917,22.480040996787352,45.90163934426229,54.09836065573771,8389408.800144155
0,20,30,40,10,-5.994294826095347e-06,1.0359930321708282e-07,4.570194021827382e-07,4.775537151129761e-06,0.2716964754591283,0.20091469910511195,0.5273894835747294,-5169971.881350548,-56195.346536419,-193.37567998819466,-8.915031555588168,5277616.37058784,21.690969771944538,43.47826086956522,56.52173913043478,6240370.191400149
